comps,comp_ranking,top_comp_share,top_0.2comp_share,comp_GINI
0.0 0.0 0.0 0.0 0.0 0.0 0.0 0.0 0.0,107,0.93499430154702934,1.0,0.87444317812156203
0.0 0.16 0.0 0.0 0.0 0.0 0.0 0.01 0.0,43,1.0,1.0,0.88888888888888884
0.0 0.26 0.0 0.0 0.0 0.0 0.0 0.0 0.0,2138,1.0,1.0,0.88888888888888884
0.0 0.0 0.0 0.0 0.0 0.0 0.0 0.0 0.0,1046,1.0,1.0,0.88888888888888884
0.0 0.0 0.0 0.0 0.0 0.0 0.0 0.0 0.0,5071,1.0,1.0,0.88888888888888884
