comps,comp_ranking,top_comp_share,top_0.2comp_share,comp_GINI
0.01 0.01 0.0 0.01 0.01 0.02 0.0 0.01 0.03,502,0.31940449648225694,0.55955067914753831,0.47221348507106053
0.02 0.0 0.0 0.0 0.0 0.02 0.0 0.0 0.0,3136,0.54412633409135935,1.0,0.78758362979807983
0.03 0.0 0.0 0.0 0.0 0.0 0.0 0.01 0.0,4477,0.70807586377216014,1.0,0.82401685861603557
0.0 0.0 0.0 0.0 0.05 0.0 0.0 0.0 0.0,3378,1.0,1.0,0.88888888888888884
0.01 0.0 0.0 0.0 0.0 0.0 0.0 0.22 0.17,20,0.54585297822112167,0.96989246145134134,0.78127676437165849
0.02 0.0 0.0 0.05 0.0 0.0 0.0 0.0 0.04,506,0.41166620008444699,0.80461039945831581,0.71472813323172502
0.04 0.02 0.0 0.0 0.0 0.0 0.0 0.0 0.0,1605,0.63307850112732411,1.0,0.80735077802829425
0.0 0.0 0.0 0.0 0.0 0.0 0.0 0.0 0.0,7,0.71698391746214185,0.97477677649420724,0.81916257320580166
0.01 0.0 0.0 0.0 0.15 0.0 0.0 0.0 0.4,6,0.70501590867997976,0.90193643967827142,0.79376700574961245
