{
    "recall_at_100": 0.20119582249083634, 
    "loss": 1.1677683591842651
}