comps,comp_ranking,top_comp_share,top_0.2comp_share,comp_GINI
0.08 0.03 0.01 0.08 0.0 0.03 0.0 0.0,457,0.35004640998480779,0.67220481678313238,0.55802691242467084
0.09 0.01 0.0 0.15 0.0 0.01 0.0 0.01,381,0.56285898122351929,0.88589320685002926,0.70918472166760893
0.05 0.01 0.0 0.05 0.0 0.0 0.0 0.0,4856,0.46731143565147776,0.91165377696910355,0.71974130315514528
0.05 0.01 0.0 0.05 0.0 0.03 0.0 0.0,3586,0.37347424560142112,0.73757031353462277,0.63422595715642249
0.07 0.13 0.03 0.01 0.0 0.0 0.0 0.02,245,0.50576731443984224,0.77291015429531251,0.65168997424989805
0.0 0.0 0.0 0.0 0.0 0.0 0.0 0.0,905,0.65208682559361864,0.86000424432111677,0.7530227674786838
0.16 0.05 0.0 0.04 0.0 0.0 0.0 0.0,5279,0.60350672033296793,0.89113665015269916,0.74866084262141674
