{
    "recall_at_100": 0.16991793345671458, 
    "loss": 1.2917965650558472
}