comps,comp_ranking,top_comp_share,top_0.2comp_share,comp_GINI
0.0 0.0 0.0 0.0 0.0 0.01 0.0 0.0 0.0 0.0,10035,1.0,1.0,0.90000000000000002
0.0 0.0 0.0 0.0 0.0 0.0 0.0 0.0 0.05 0.01,1308,0.80447678016736479,0.926063644193441,0.84610808487216116
0.0 0.0 0.0 0.0 0.0 0.0 0.0 0.0 0.0 0.0,32,1.0,1.0,0.90000000000000002
0.0 0.0 0.0 0.0 0.0 0.0 0.0 0.0 0.0 0.0,5810,0.71721511337093113,1.0,0.84344302267418625
0.0 0.0 0.0 0.0 0.0 0.0 0.0 0.0 0.0 0.0,52,1.0,1.0,0.90000000000000002
0.0 0.0 0.0 0.0 0.0 0.0 0.22 0.0 0.0 0.0,5861,0.66850418548620572,1.0,0.83370083709724119
0.01 0.0 0.0 0.0 0.0 0.0 0.0 0.0 0.0 0.01,2697,1.0,1.0,0.90000000000000002
0.0 0.0 0.0 0.0 0.0 0.19 0.0 0.0 0.0 0.0,4300,0.6222181460662608,0.83030970632606249,0.7905055704784647
