comps,comp_ranking,top_comp_share,top_0.2comp_share,comp_GINI
0.0 0.0 0.0 0.01 0.01 0.0 0.01 0.01 0.01,2796,0.22492353186336378,0.42139589612574269,0.41440337017106543
0.01 0.01 0.0 0.0 0.01 0.0 0.0 0.04 0.1,492,0.61499897501877732,0.85731161907238762,0.7439074431634296
0.0 0.02 0.0 0.0 0.0 0.0 0.0 0.0 0.0,11819,1.0,1.0,0.88888888888888884
0.0 0.0 0.0 0.0 0.0 0.0 0.0 0.0 0.0,11568,1.0,1.0,0.88888888888888884
0.02 0.0 0.0 0.0 0.0 0.0 0.0 0.0 0.0,3019,0.48303840723067493,0.74965411964832473,0.67231242213556985
0.02 0.0 0.0 0.0 0.0 0.0 0.01 0.04 0.01,12471,1.0,1.0,0.88888888888888884
0.01 0.0 0.0 0.0 0.0 0.0 0.0 0.0 0.0,4675,0.66289649443849585,1.0,0.81397699876411023
0.04 0.0 0.0 0.0 0.0 0.02 0.0 0.0 0.0,885,0.43230326322391038,0.72508106939869466,0.68686553168976261
0.03 0.04 0.0 0.0 0.0 0.06 0.0 0.0 0.01,381,0.72658862587031336,0.86997262401533937,0.78478834708740497
