comps,comp_ranking,top_comp_share,top_0.2comp_share,comp_GINI
0.0 0.01 0.13 0.0 0.05 0.0 0.05 0.03 0.0,356,0.48202902680102822,0.67498746150208899,0.66075609638733157
0.0 0.0 0.0 0.0 0.0 0.0 0.0 0.0 0.0,2397,0.31719785931292765,0.48381338599769658,0.40853604286032053
0.01 0.0 0.01 0.02 0.01 0.0 0.01 0.04 0.01,114,0.33668218414652173,0.60257708039372149,0.54583392618545035
0.14 0.0 0.01 0.01 0.03 0.02 0.04 0.11 0.07,2934,0.33398462796443507,0.53249578562287658,0.49086917020588783
0.0 0.0 0.01 0.01 0.02 0.01 0.02 0.01 0.04,10,0.7676878374076469,0.82639759998848206,0.74134577053008777
0.03 0.0 0.0 0.02 0.01 0.54 0.04 0.02 0.04,9,0.87178552570641576,0.95812031415093912,0.83857746801295174
0.0 0.0 0.0 0.01 0.0 0.71 0.01 0.01 0.07,1551,0.27729073006709642,0.48651779060869249,0.43129650605034464
0.03 0.0 0.0 0.02 0.01 0.03 0.01 0.01 0.01,318,0.35869509906151575,0.54024539220063394,0.47789851753976986
0.03 0.0 0.02 0.1 0.01 0.04 0.01 0.03 0.05,171,0.27042376158067111,0.47925445884278645,0.47832781883116715
