comps,comp_ranking,top_comp_share,top_0.2comp_share,comp_GINI
0.0 0.0 0.0 0.0 0.03 0.0,2081,1.0,1.0,0.83333333333333337
0.0 0.0 0.0 0.0 0.0 0.0,2132,1.0,1.0,0.83333333333333337
0.0 0.0 0.0 0.03 0.0 0.0,3089,1.0,1.0,0.83333333333333337
0.0 0.0 0.0 0.0 0.0 0.0,3738,1.0,1.0,0.83333333333333337
