{
    "recall_at_100": 0.01939442905509387, 
    "loss": 1.3842709064483643
}