{
    "recall_at_100": 0.008806739069896964, 
    "loss": 1.3887649774551392
}