{
    "recall_at_100": 0.014954051796157058, 
    "loss": 1.3860273361206055
}