{
    "recall_at_100": 0.2435201174120842, 
    "loss": 1.2894514799118042
}