{
    "recall_at_100": 0.2420375100430502, 
    "loss": 1.1414812803268433
}