{
    "recall_at_100": 0.18845055887992176, 
    "loss": 1.524056077003479
}