comps,comp_ranking,top_comp_share,top_0.2comp_share,comp_GINI
0.02 0.0 0.0 0.24 0.0 0.0 0.0 0.0 0.0,19,0.90892004377215019,0.98179427152689203,0.86460318117756496
0.02 0.02 0.01 0.15 0.0 0.04 0.0 0.0 0.0,24,0.62022855306905411,0.79019422146895202,0.7275818198256272
0.0 0.01 0.0 0.0 0.0 0.02 0.02 0.0 0.0,1171,0.34221854432663851,0.68270432539616843,0.6722050821606238
0.0 0.0 0.0 0.0 0.0 0.0 0.0 0.0 0.0,8204,0.5,1.0,0.77777777777777779
0.31 0.17 0.0 0.01 0.0 0.0 0.0 0.0 0.0,13,0.63469034718303108,0.98675764406374777,0.80476622027706202
0.0 0.0 0.0 0.0 0.0 0.0 0.0 0.0 0.0,178,0.41610338993608303,0.74561908878030847,0.70260499527030928
0.0 0.04 0.03 0.0 0.0 0.0 0.03 0.0 0.0,1076,0.5148520406017173,0.91433237649478549,0.76204098157700062
