{
    "recall_at_100": 0.14955557420931379, 
    "loss": 1.2853620052337646
}