{
    "recall_at_100": 0.1741964060869878, 
    "loss": 1.2838395833969116
}