comps,comp_ranking,top_comp_share,top_0.2comp_share,comp_GINI
0.0 0.0 0.0 0.0 0.0 0.0 0.0 0.0 0.0,11756,1.0,1.0,0.88888888888888884
0.0 0.0 0.0 0.0 0.0 0.0 0.0 0.0 0.0,77,0.48238273349363908,0.76508374090508857,0.7095023231044697
0.0 0.0 0.06 0.0 0.01 0.0 0.0 0.1 0.04,81,0.26912924391794468,0.5125055116757482,0.5308807694643074
0.0 0.0 0.04 0.0 0.03 0.0 0.02 0.05 0.05,296,0.41648230555326776,0.75869842429209078,0.67694822243849428
0.0 0.0 0.0 0.0 0.0 0.0 0.0 0.0 0.0,4453,0.55458233213773289,1.0,0.7899071849194963
0.0 0.0 0.01 0.05 0.0 0.0 0.0 0.02 0.06,586,0.40088682802976461,0.71857195476102398,0.65612873686346762
0.0 0.0 0.0 0.0 0.0 0.0 0.0 0.0 0.0,455,0.38803677915998186,0.74556489362381839,0.68476747926129755
