comps,comp_ranking,top_comp_share,top_0.2comp_share,comp_GINI
0.0 0.0 0.0 0.02 0.0 0.03 0.0 0.0 0.0 0.0 0.0 0.0 0.01,2304,0.48424799069669094,1.0,0.80828912453577317
0.0 0.0 0.0 0.0 0.0 0.0 0.0 0.0 0.0 0.0 0.0 0.0 0.0,1007,0.34910434823934222,0.88784953020679847,0.75012205925413011
0.0 0.0 0.0 0.0 0.0 0.0 0.0 0.0 0.0 0.0 0.0 0.0 0.0,22,0.50189762134554516,0.83178485837860983,0.757715167048992
0.0 0.0 0.0 0.0 0.0 0.02 0.0 0.0 0.03 0.03 0.0 0.0 0.01,114,0.32310784804108628,0.6077158198851218,0.5982461464435842
0.04 0.0 0.0 0.0 0.0 0.07 0.07 0.0 0.0 0.21 0.03 0.0 0.0,57,0.62574210344956827,1.0,0.84142706441913395
0.0 0.0 0.0 0.0 0.0 0.0 0.0 0.0 0.0 0.0 0.0 0.0 0.0,881,0.81270169640617218,1.0,0.89426179944710338
0.02 0.0 0.0 0.02 0.02 0.0 0.03 0.0 0.0 0.06 0.02 0.0 0.02,21,0.37026654546298671,0.92055485211514487,0.7613091866232109
0.0 0.0 0.0 0.0 0.04 0.0 0.06 0.0 0.0 0.17 0.0 0.0 0.0,1654,0.51058756838597752,1.0000000000000002,0.81332478643687889
0.0 0.0 0.0 0.0 0.0 0.0 0.0 0.0 0.0 0.0 0.0 0.0 0.0,3047,0.31381505809483629,0.75446600530421926,0.69656657492376428
