comps,comp_ranking,top_comp_share,top_0.2comp_share,comp_GINI
1.13 0.01 0.0 0.0 0.0 0.0 0.0 0.0 0.0 0.0 0.0,4,0.99269622858703366,1.0,0.90776295065218793
1.06 0.0 0.0 0.02 0.0 0.0 0.0 0.0 0.0 0.0 0.01,6,0.97698709543434736,0.99379373648438807,0.90377833307613376
0.01 0.0 0.0 0.03 0.0 0.02 0.0 0.0 0.0 0.01 0.02,2290,0.35024445713405483,0.6219146811163474,0.67685234389132631
0.0 0.0 0.0 0.0 0.0 0.0 0.0 0.0 0.0 0.0 0.0,1518,0.36146741491539586,0.59826856472223966,0.67664529966083475
0.0 0.01 0.02 0.0 0.0 0.02 0.0 0.0 0.0 0.0 0.03,9340,0.72415302882030164,1.0,0.85893691433096397
0.0 0.0 0.0 0.0 0.01 0.02 0.0 0.0 0.0 0.0 0.0,1636,0.2890556377847639,0.57323237210911238,0.63584062937010932
0.0 0.0 0.02 0.0 0.03 0.01 0.0 0.0 0.0 0.01 0.03,13030,1.0,1.0,0.90909090909090906
0.0 0.0 0.0 0.0 0.0 0.0 0.01 0.0 0.0 0.0 0.0,7451,0.48968050648773442,0.78100649370928987,0.77648854549036805
0.0 0.0 0.0 0.0 0.0 0.0 0.0 0.0 0.0 0.0 0.0,3292,0.42217039782201299,0.69407058475810046,0.70514165260560735
