{
    "recall_at_100": 0.20243205035448802, 
    "loss": 1.1902214288711548
}