{
    "recall_at_100": 0.179285634341036, 
    "loss": 1.2100480794906616
}