{
    "recall_at_100": 0.16571700716437557, 
    "loss": 1.1734094619750977
}