comps,comp_ranking,top_comp_share,top_0.2comp_share,comp_GINI
0.0 0.13 0.0 0.01 0.0 0.0 0.0 0.0,104,0.91572595048096173,1.0,0.8539314876202404
0.0 0.0 0.0 0.05 0.0 0.0 0.0 0.0,1217,1.0,1.0,0.875
0.13 0.0 0.0 0.0 0.0 0.0 0.0 0.0,120,1.0,1.0,0.875
0.0 0.0 0.0 0.0 0.0 0.0 0.0 0.0,34,0.90772085895493526,1.0,0.85193021473873376
0.02 0.18 0.0 0.0 0.0 0.0 0.0 0.0,6652,1.0,1.0,0.875
0.0 0.0 0.0 0.0 0.0 0.0 0.02 0.0,4549,1.0,1.0,0.875
