comps,comp_ranking,top_comp_share,top_0.2comp_share,comp_GINI
0.0 0.0 0.0 0.0 0.0 0.0 0.0 0.02 0.0 0.0 0.0 0.02,4658,0.5,1.0,0.83333333333333337
0.0 0.0 0.0 0.04 0.0 0.0 0.0 0.01 0.0 0.0 0.01 0.0,1547,0.53157470511507998,0.74521874146968403,0.78608357050101962
0.0 0.0 0.0 0.0 0.0 0.0 0.0 0.07 0.0 0.0 0.0 0.0,2343,1.0,1.0,0.91666666666666663
0.0 0.0 0.0 0.0 0.0 0.0 0.0 0.0 0.0 0.0 0.0 0.0,1262,0.3816189489034843,0.6458704123046517,0.73837543368148717
0.0 0.02 0.0 0.0 0.0 0.0 0.0 0.0 0.01 0.0 0.02 0.02,3299,0.46924079567947602,0.84786538252333199,0.79017314491074564
0.0 0.0 0.0 0.0 0.0 0.0 0.0 0.0 0.0 0.0 0.0 0.0,11112,1.0,1.0,0.91666666666666663
0.0 0.0 0.0 0.0 0.0 0.0 0.0 0.0 0.0 0.0 0.0 0.0,1715,0.5841115183971215,0.90158319225075867,0.83094911844131336
0.0 0.0 0.0 0.0 0.0 0.0 0.0 0.0 0.0 0.0 0.0 0.0,5372,0.64069233520721902,0.74563633477232172,0.77703319524761294
