comps,comp_ranking,top_comp_share,top_0.2comp_share,comp_GINI
0.0 0.0 0.0 0.0 0.0 0.03 0.0 0.0 0.0,10789,1.0,1.0,0.88888888888888884
0.0 0.0 0.0 0.0 0.0 0.0 0.0 0.0 0.0,8540,1.0,1.0,0.88888888888888884
0.0 0.0 0.0 0.0 0.0 0.0 0.04 0.0 0.0,6901,1.0,1.0,0.88888888888888884
0.0 0.0 0.0 0.0 0.0 0.0 0.05 0.0 0.0,9389,0.61191797573619977,1.0,0.80264843905248884
0.0 0.0 0.0 0.0 0.0 0.02 0.01 0.0 0.0,1854,1.0,1.0,0.88888888888888884
0.0 0.0 0.0 0.0 0.0 0.0 0.11 0.0 0.0,2087,0.8133947161074403,0.9076420649978213,0.8268970624678359
0.01 0.0 0.0 0.0 0.01 0.0 0.07 0.0 0.0,764,0.5412330023946641,0.80831512451533294,0.71308129580087187
