{
    "recall_at_100": 0.1545960528647509, 
    "loss": 1.369582176208496
}