{
    "recall_at_100": 0.15351191975153194, 
    "loss": 1.3710261583328247
}