{
    "recall_at_100": 0.13752463295399583, 
    "loss": 1.3652632236480713
}