{
    "recall_at_100": 0.19581368026658885, 
    "loss": 1.1827865839004517
}