comps,comp_ranking,top_comp_share,top_0.2comp_share,comp_GINI
0.08 0.09 0.0 0.0 0.0 0.0 0.0 0.01 0.0 0.0 0.0 0.0 0.0,361,0.48687973472214041,1.0,0.83225228150329777
0.1 0.03 0.0 0.0 0.0 0.0 0.0 0.0 0.0 0.0 0.0 0.0 0.0,974,0.77476673526746809,1.0,0.8884256515796104
0.06 0.02 0.0 0.0 0.0 0.01 0.0 0.0 0.0 0.0 0.0 0.01 0.01,904,0.6317569785436975,0.87088458740565555,0.80610883125086019
0.0 0.0 0.0 0.0 0.0 0.0 0.0 0.0 0.0 0.0 0.0 0.0 0.0,5386,1.0,1.0,0.92307692307692313
0.0 0.0 0.0 0.0 0.0 0.0 0.0 0.0 0.0 0.0 0.0 0.0 0.0,8115,1.0,1.0,0.92307692307692313
0.0 0.0 0.0 0.0 0.0 0.0 0.05 0.0 0.0 0.0 0.0 0.0 0.0,4902,1.0,1.0,0.92307692307692313
0.0 0.0 0.03 0.0 0.0 0.0 0.0 0.0 0.0 0.0 0.0 0.0 0.0,9763,1.0,1.0,0.92307692307692313
0.0 0.0 0.0 0.0 0.0 0.06 0.0 0.0 0.0 0.0 0.0 0.0 0.0,7632,1.0,1.0,0.92307692307692313
0.02 0.0 0.0 0.0 0.0 0.0 0.0 0.0 0.0 0.0 0.0 0.0 0.0,5756,1.0,1.0,0.92307692307692313
