{
    "recall_at_100": 0.1310972806817682, 
    "loss": 1.1896216869354248
}