{
    "recall_at_100": 0.18760574349217007, 
    "loss": 1.1782959699630737
}