comps,comp_ranking,top_comp_share,top_0.2comp_share,comp_GINI
0.0 0.0 0.0 0.0 0.05 0.0 0.0 0.02 0.0 0.0,1892,0.69640941508792797,0.92569089858623788,0.8193773505971953
0.0 0.0 0.0 0.0 0.02 0.09 0.0 0.01 0.01 0.02,968,0.62296473773360317,0.76971534757443971,0.75144067564191674
0.0 0.0 0.0 0.0 0.0 0.0 0.0 0.0 0.0 0.02,12350,1.0,1.0,0.90000000000000002
0.0 0.0 0.0 0.0 0.0 0.0 0.0 0.0 0.0 0.0,10979,0.62473179793824418,1.0,0.82494635958764884
0.0 0.0 0.0 0.0 0.01 0.0 0.0 0.01 0.0 0.0,98,0.5448989333317783,0.90325317318762621,0.78143651734070496
0.13 0.01 0.0 0.0 0.01 0.0 0.0 0.08 0.0 0.0,1114,0.71810214747109924,0.95217205071348843,0.83405483963691762
0.0 0.1 0.0 0.0 0.0 0.0 0.0 0.01 0.0 0.03,1879,0.52223298440278276,0.78367299847354444,0.70906277149396046
0.0 0.0 0.0 0.0 0.0 0.0 0.0 0.0 0.0 0.0,6446,0.55855171953124794,0.75272049508685324,0.74208466562185782
0.03 0.0 0.0 0.0 0.01 0.05 0.0 0.0 0.0 0.0,2459,0.36158625676517875,0.6141290530238972,0.61313960026098802
