comps,comp_ranking,top_comp_share,top_0.2comp_share,comp_GINI
0.0 0.0 0.0 0.0 0.0 0.01 0.0 0.0 0.01 0.0,9728,0.39543250225986148,0.78108552335359915,0.73530360512269211
0.0 0.0 0.0 0.0 0.0 0.0 0.02 0.0 0.0 0.0,9418,1.0,1.0,0.90000000000000002
0.0 0.0 0.0 0.0 0.0 0.0 0.0 0.0 0.0 0.0,12238,1.0,1.0,0.90000000000000002
0.0 0.0 0.0 0.0 0.0 0.0 0.01 0.0 0.0 0.0,5374,0.39160286505687697,0.68955107303720686,0.69291198896069994
0.0 0.0 0.0 0.0 0.0 0.0 0.0 0.0 0.0 0.0,4162,0.36081485328101565,0.63569559201396264,0.60957160918333386
0.0 0.0 0.0 0.0 0.0 0.0 0.0 0.0 0.0 0.0,7979,0.58833188307692974,0.81286590653851076,0.78023955792308808
0.0 0.0 0.0 0.0 0.0 0.0 0.02 0.0 0.01 0.01,7206,0.59432915928183438,1.0,0.81886583185636685
