comps,comp_ranking,top_comp_share,top_0.2comp_share,comp_GINI
0.03 0.0 0.0 0.0 0.0 0.0 0.0 0.0,6988,1.0,1.0,0.875
0.02 0.0 0.01 0.0 0.0 0.0 0.0 0.01,5587,0.6145221155329017,0.82533424585226534,0.73496409034629184
0.0 0.0 0.0 0.0 0.0 0.0 0.0 0.0,3526,0.36982630951876366,0.66481285400084977,0.60441556826753373
0.0 0.01 0.0 0.0 0.01 0.0 0.02 0.01,11133,1.0,1.0,0.875
0.0 0.0 0.0 0.0 0.0 0.0 0.0 0.01,37,0.59142407111526685,0.95530840437742759,0.76168311887317364
0.0 0.0 0.0 0.02 0.0 0.0 0.14 0.23,915,1.0,1.0,0.875
0.0 0.0 0.0 0.0 0.0 0.0 0.0 0.12,34,0.60820848090821011,0.9324978172398326,0.7601765745370106
0.0 0.0 0.0 0.03 0.0 0.13 0.0 0.24,35,0.47671305056329905,0.88982986932141306,0.68963884218415594
