comps,comp_ranking,top_comp_share,top_0.2comp_share,comp_GINI
0.33 0.02 0.25 0.04 0.0 0.02 0.01 0.0,7,0.50418780563446441,0.88421067017558808,0.69382324555497654
0.32 0.02 0.36 0.04 0.0 0.03 0.0 0.0,7,0.46440102673117795,0.87886294366941287,0.69001173441732944
0.02 0.02 0.02 0.02 0.0 0.0 0.0 0.0,3368,0.25866358742006801,0.51732717484013602,0.51299538113010212
0.29 0.43 0.02 0.02 0.0 0.02 0.0 0.0,7,0.55646209966866023,0.93078331300404082,0.72972809908868685
0.01 0.01 0.0 0.0 0.08 0.07 0.02 0.03,87,0.34128083765839429,0.64182353611728438,0.48566711729650636
0.0 0.0 0.0 0.0 0.24 0.15 0.0 0.0,24,0.62219906418658433,1.0,0.78054976604664605
0.02 0.04 0.0 0.02 0.24 0.16 0.01 0.0,10,0.49028458905594968,0.82833980471257806,0.66515041584811541
0.01 0.0 0.0 0.0 0.04 0.0 0.01 0.02,2241,0.56957178735407454,0.81295888555397799,0.70064585368036547
0.0 0.0 0.0 0.0 0.04 0.0 0.0 0.01,4036,0.80070588400494813,1.0,0.82517647100123703
