comps,comp_ranking,top_comp_share,top_0.2comp_share,comp_GINI
0.13 0.0 0.0 0.03 0.12 0.0 0.02 0.0 0.0 0.03,107,0.39992589631532449,0.78677268427263303,0.70191991423349953
0.19 0.0 0.0 0.01 0.06 0.0 0.01 0.0 0.01 0.04,111,0.59776283791795615,0.78910742732678352,0.74107172673690414
0.0 0.0 0.0 0.0 0.0 0.0 0.0 0.0 0.0 0.0,254,0.42215054208623981,0.56636554388739402,0.58563553383544809
0.0 0.0 0.0 0.0 0.0 0.0 0.0 0.0 0.0 0.0,127,0.39830629596092149,0.67813329820501966,0.63194206025219901
0.02 0.01 0.0 0.0 0.03 0.0 0.01 0.1 0.03 0.03,10710,0.64101711624965574,1.0,0.82820342324993113
0.07 0.02 0.0 0.0 0.02 0.0 0.01 0.02 0.0 0.1,1288,0.33037401494892554,0.58432682056909335,0.61877033830839723
0.0 0.0 0.0 0.0 0.0 0.0 0.0 0.01 0.01 0.0,8,0.66263800915246562,0.7917418938310562,0.7658180257558066
0.02 0.01 0.0 0.0 0.02 0.03 0.0 0.04 0.0 0.0,460,0.54651048148718506,0.74138700300411908,0.73730146656686069
0.0 0.0 0.0 0.0 0.08 0.03 0.0 0.02 0.08 0.4,10,0.67004753897030289,0.85621854486962734,0.76959340585782043
