,disease_size,pvalue_COMP,pvalue_DNS,Recall-at-100,Recall-at-25,AUROC,Mean Average Precision
count,2297.0,2297.0,2297.0,2300.0,2300.0,2300.0,2300.0
mean,45.18763604701785,0.07424466695690031,0.6098040922942969,0.17494439110314136,0.09485098841847751,0.7702153727708803,0.0316494276690944
std,74.2148981096214,0.17809790902510886,0.487225224913087,0.1782118525077367,0.12890377681915405,0.09467643545532962,0.06066432651589192
min,2.0,0.0,0.0,0.0,0.0,0.09365933587739998,4.63994060876e-05
25%,14.0,0.0,0.0,0.0465874811463,0.0,0.7184866640105,0.0030094478947475
50%,22.0,0.0,1.0,0.12,0.05,0.7726462748209999,0.00979274198441
75%,48.0,0.03,1.0,0.25,0.133333333333,0.82595987589975,0.0288788744123
max,1410.0,1.0,1.0,1.0,1.0,0.999895572264,0.708571428571
