{
    "recall_at_100": 0.18638898176152754, 
    "loss": 1.0897133350372314
}