{
    "recall_at_100": 0.1865375470525134, 
    "loss": 0.9886414408683777
}