{
    "recall_at_100": 0.1899641778081158, 
    "loss": 1.0523864030838013
}