comps,comp_ranking,top_comp_share,top_0.2comp_share,comp_GINI
0.0 0.0 0.0 0.0 0.0 0.0 0.0 0.0,6944,1.0,1.0,0.875
0.0 0.0 0.0 0.03 0.0 0.0 0.0 0.0,2902,1.0,1.0,0.875
0.0 0.0 0.0 0.0 0.0 0.0 0.0 0.0,4281,0.53375164053380508,0.72849270905721319,0.66834393113820156
0.0 0.0 0.0 0.06 0.0 0.0 0.0 0.0,11638,1.0,1.0,0.875
0.0 0.0 0.0 0.01 0.0 0.0 0.0 0.0,11396,1.0,1.0,0.875
