{
    "recall_at_100": 0.12648727080860042, 
    "loss": 1.3777191638946533
}