{
    "recall_at_100": 0.14019107111212373, 
    "loss": 1.3781821727752686
}