{
    "recall_at_100": 0.20914740333022883, 
    "loss": 1.3677453994750977
}