comps,comp_ranking,top_comp_share,top_0.2comp_share,comp_GINI
0.01 0.0 0.01 0.0 0.02 0.07 0.01 0.0,2806,0.55785413877590007,0.74509223521612511,0.65213904836001857
0.01 0.0 0.0 0.01 0.01 0.26 0.01 0.01,243,0.85361023134610226,0.89534705719135643,0.78112906967848139
0.0 0.0 0.0 0.0 0.0 0.0 0.0 0.0,7909,0.57313757708226598,1.0,0.76828439427056661
0.03 0.0 0.0 0.0 0.04 0.0 0.0 0.0,6144,0.79091441471097634,0.91980057845391439,0.80267874829122277
0.0 0.01 0.0 0.0 0.0 0.06 0.0 0.01,2550,0.40761368056103053,0.67503473751449405,0.5817731327564859
0.04 0.02 0.0 0.01 0.0 0.05 0.01 0.0,166,0.50760062065131661,0.64178014818514206,0.55825661211336652
0.03 0.13 0.0 0.0 0.03 0.02 0.03 0.02,3166,0.70833263741023977,0.85639255352715526,0.74824446885247342
0.02 0.01 0.0 0.0 0.0 0.01 0.08 0.0,9573,0.63921321377110385,0.82357676123157952,0.74069749375067073
