{
    "recall_at_100": 0.16859219369519726, 
    "loss": 1.0471876859664917
}