comps,comp_ranking,top_comp_share,top_0.2comp_share,comp_GINI
0.0 0.0 0.0 0.0 0.01 0.0 0.01 0.01 0.01 0.0,3773,0.30558572618482011,0.60654534095007218,0.65406840392408949
0.0 0.0 0.0 0.0 0.0 0.0 0.0 0.0 0.0 0.0,835,0.58665793477876471,0.79332896738938252,0.77599738043362931
0.0 0.0 0.0 0.0 0.0 0.0 0.0 0.0 0.0 0.0,4845,0.45671154355424831,0.78808992305405234,0.74896029332166014
0.0 0.0 0.0 0.0 0.0 0.0 0.0 0.0 0.0 0.0,5609,0.575795489520327,1.0,0.81515909790406549
0.0 0.0 0.0 0.0 0.0 0.0 0.0 0.0 0.0 0.0,5064,0.61527788215843016,1.0,0.82305557643168603
