comps,comp_ranking,top_comp_share,top_0.2comp_share,comp_GINI
0.0 0.0 0.0 0.0 0.0 0.0 0.0 0.0 0.0,4739,0.50768939504293131,1.0,0.77948653223176256
0.0 0.0 0.0 0.0 0.0 0.0 0.0 0.0 0.0,5630,1.0,1.0,0.88888888888888884
0.0 0.0 0.0 0.0 0.0 0.0 0.0 0.0 0.0,4983,1.0,1.0,0.88888888888888884
