comps,comp_ranking,top_comp_share,top_0.2comp_share,comp_GINI
0.0 0.0 0.0 0.0 0.0 0.0 0.0 0.0 0.0,7255,1.0,1.0,0.88888888888888884
0.0 0.0 0.0 0.0 0.0 0.0 0.0 0.0 0.0,7104,1.0,1.0,0.88888888888888884
0.0 0.0 0.0 0.0 0.0 0.0 0.0 0.0 0.0,4,0.72863528130929767,1.0,0.82858561806873288
0.0 0.0 0.0 0.0 0.01 0.0 0.0 0.0 0.0,9,0.72863528130929767,1.0,0.82858561806873288
0.0 0.0 0.0 0.0 0.0 0.0 0.0 0.0 0.0,13,0.5,1.0,0.77777777777777779
