comps,comp_ranking,top_comp_share,top_0.2comp_share,comp_GINI
0.0 0.0 0.0 0.0 0.0 0.0 0.0 0.0 0.0 0.0 0.0 0.0 0.0,5272,1.0,1.0,0.92307692307692313
0.0 0.0 0.0 0.0 0.0 0.0 0.0 0.0 0.0 0.0 0.0 0.0 0.0,96,0.5673970474421951,1.0,0.85652262268341461
0.0 0.0 0.0 0.0 0.0 0.0 0.0 0.0 0.0 0.0 0.03 0.0 0.0,1430,0.45911721431005831,0.86552419587134066,0.77005535887706533
0.0 0.0 0.0 0.0 0.0 0.0 0.0 0.0 0.0 0.0 0.1 0.0 0.13,361,0.37365178827131346,0.91300844589771557,0.75895014966501817
0.0 0.0 0.0 0.0 0.0 0.0 0.0 0.0 0.0 0.0 0.0 0.0 0.0,4975,1.0,1.0,0.92307692307692313
0.0 0.0 0.0 0.0 0.0 0.0 0.01 0.03 0.0 0.0 0.0 0.02 0.0,182,0.58444934059594367,0.95630577101285208,0.83897948517453846
0.0 0.0 0.0 0.0 0.0 0.0 0.0 0.0 0.0 0.0 0.0 0.0 0.0,37,0.39613140004715719,0.94198639595554545,0.78482673754996779
0.0 0.0 0.0 0.0 0.0 0.01 0.0 0.0 0.0 0.05 0.0 0.04 0.03,5580,0.5607750774196838,1.0,0.85550385806456675
0.0 0.0 0.0 0.0 0.0 0.03 0.0 0.0 0.0 0.0 0.0 0.0 0.0,310,0.35609317914028554,0.89350986334918192,0.75033751754209144
