{
    "recall_at_100": 0.13457757231995457, 
    "loss": 1.3399222539787499
}