{
    "recall_at_100": 0.25949251451329014, 
    "loss": 0.9399877786636353
}