{
    "recall_at_100": 0.2518606291113216, 
    "loss": 1.0365551710128784
}