{
    "recall_at_100": 0.18652509130348466, 
    "loss": 1.0174392461776733
}