comps,comp_ranking,top_comp_share,top_0.2comp_share,comp_GINI
0.02 0.0 0.03 0.0 0.02 0.0 0.0 0.0 0.01,6134,0.37759860495258407,0.65578082368362478,0.6423060368209581
0.01 0.0 0.09 0.0 0.03 0.0 0.0 0.0 0.03,2183,0.53713781408981565,0.75549110713977063,0.71852056248605467
0.0 0.0 0.0 0.0 0.0 0.0 0.0 0.0 0.0,927,0.58694066384298027,0.8784291714046607,0.77008218561058683
0.03 0.16 0.0 0.0 0.08 0.0 0.0 0.0 0.0,1858,0.91890517687661466,1.0,0.87086781708369221
0.0 0.0 0.0 0.0 0.16 0.0 0.01 0.0 0.0,307,0.52273182747704061,0.72138666119294736,0.61360095910647905
0.0 0.01 0.0 0.01 0.03 0.08 0.01 0.01 0.0,1113,1.0,1.0,0.88888888888888884
0.0 0.0 0.0 0.0 0.0 0.22 0.0 0.0 0.0,3507,0.55075933130750876,0.85939416398858581,0.75781188784357656
0.0 0.0 0.0 0.0 0.02 0.07 0.0 0.0 0.04,6140,1.0,1.0,0.88888888888888884
0.0 0.0 0.0 0.0 0.0 0.08 0.0 0.0 0.0,5675,0.47425243383862292,0.79046155814460617,0.70515575427974531
