comps,comp_ranking,top_comp_share,top_0.2comp_share,comp_GINI
0.0 0.02 0.0 0.0 0.0 0.0 0.0,5732,0.7492335577757856,0.7492335577757856,0.76337655189707587
0.0 0.0 0.0 0.0 0.0 0.0 0.01,10605,1.0,1.0,0.85714285714285721
0.04 0.0 0.0 0.0 0.0 0.0 0.0,5315,1.0,1.0,0.85714285714285721
0.01 0.0 0.0 0.0 0.18 0.0 0.0,154,0.9497533132981737,0.9497533132981737,0.84278666094233534
0.0 0.0 0.0 0.0 0.0 0.0 0.08,1508,1.0,1.0,0.85714285714285721
0.0 0.0 0.0 0.13 0.0 0.03 0.0,239,0.82377170572585057,0.82377170572585057,0.80679191592167154
0.0 0.0 0.0 0.0 0.0 0.02 0.01,5383,0.60794548130316484,0.60794548130316484,0.72594380998153862
0.0 0.01 0.0 0.0 0.04 0.0 0.02,1703,0.59073909004092984,0.59073909004092984,0.69177647731049396
