comps,comp_ranking,top_comp_share,top_0.2comp_share,comp_GINI
0.0 0.0 0.0 0.0 0.0 0.0 0.0 0.0 0.0 0.0 0.0 0.0,2835,1.0,1.0,0.91666666666666663
0.0 0.0 0.0 0.0 0.0 0.0 0.0 0.0 0.0 0.0 0.05 0.0,2365,0.56218308825778662,0.78109154412889326,0.80721243873111326
0.0 0.0 0.0 0.0 0.0 0.01 0.0 0.0 0.01 0.03 0.0 0.0,5009,0.5,1.0,0.83333333333333337
0.0 0.0 0.0 0.0 0.0 0.0 0.0 0.0 0.0 0.0 0.0 0.0,6014,0.65998217690019401,1.0,0.85999702948336565
0.0 0.0 0.0 0.0 0.0 0.0 0.0 0.0 0.0 0.0 0.0 0.0,6116,0.55343229525031901,1.0,0.84223871587505317
0.0 0.0 0.0 0.0 0.0 0.0 0.0 0.0 0.0 0.0 0.0 0.0,1022,0.35575173715302688,0.57674988699782948,0.68818727990246742
0.0 0.0 0.02 0.0 0.0 0.0 0.0 0.0 0.02 0.0 0.0 0.0,136,0.28146110047199002,0.52097406698132676,0.67715370015733001
0.0 0.0 0.0 0.0 0.0 0.0 0.0 0.02 0.0 0.0 0.01 0.0,516,0.28040945984670523,0.52834779820003241,0.67234396588892809
0.0 0.0 0.0 0.0 0.0 0.0 0.0 0.01 0.0 0.0 0.0 0.01,409,0.34570172690901957,0.5885819381659948,0.71095763574966409
