{
    "recall_at_100": 0.16856934813406224, 
    "loss": 1.0435298681259155
}