{
    "recall_at_100": 0.17212064875913557, 
    "loss": 1.0511032342910767
}