{
    "recall_at_100": 0.20026457042909512, 
    "loss": 1.0288841724395752
}