comps,comp_ranking,top_comp_share,top_0.2comp_share,comp_GINI
0.0 0.0 0.15 0.0 0.0 0.0 0.0 0.0 0.0 0.0 0.0,182,1.0,1.0,0.90909090909090906
0.0 0.0 0.0 0.0 0.0 0.0 0.0 0.0 0.0 0.19 0.0,108,1.0,1.0,0.90909090909090906
0.0 0.0 0.0 0.05 0.0 0.0 0.02 0.02 0.0 0.0 0.0,539,0.59232628865514847,0.7983233360192491,0.7982999317589814
0.04 0.0 0.0 0.0 0.0 0.39 0.0 0.0 0.0 0.0 0.0,11,0.89941016852749911,1.0,0.8908018488231817
0.0 0.0 0.08 0.0 0.0 0.0 0.01 0.13 0.0 0.0 0.0,70,0.5915381733694679,0.93694181884297001,0.8233599985840796
0.0 0.0 0.0 0.0 0.0 0.0 0.0 0.0 0.0 0.0 0.0,9,1.0,1.0,0.90909090909090906
0.0 0.0 0.0 0.59 0.0 0.0 0.0 0.0 0.0 0.0 0.0,3986,0.65096053100657714,1.0,0.84562918745574134
0.0 0.0 0.01 0.0 0.0 0.0 0.0 0.0 0.0 0.0 0.0,26,0.83120735910115906,1.0,0.8784013380183926
0.0 0.0 0.06 0.0 0.29 0.0 0.0 0.0 0.0 0.0 0.0,127,1.0,1.0,0.90909090909090906
