{
    "recall_at_100": 0.13259711699166332, 
    "loss": 1.0637868642807007
}