{
    "recall_at_100": 0.1410228584750348, 
    "loss": 1.135628342628479
}