{
    "recall_at_100": 0.13571158379769974, 
    "loss": 1.0828585624694824
}