comps,comp_ranking,top_comp_share,top_0.2comp_share,comp_GINI
0.0 0.0 0.0 0.0 0.0 0.0 0.0 0.0,4712,0.49275321571249386,0.90646143596789908,0.72480366292009824
0.0 0.0 0.01 0.0 0.0 0.01 0.0 0.0,11483,0.62687050130392452,1.0,0.7817176253259811
0.0 0.0 0.0 0.0 0.0 0.0 0.0 0.0,7160,1.0,1.0,0.875
0.0 0.03 0.0 0.0 0.0 0.0 0.0 0.0,8685,1.0,1.0,0.875
0.0 0.0 0.0 0.0 0.0 0.02 0.0 0.0,5631,0.70431846523934782,0.92041851171414868,0.78118424423837407
