{
    "recall_at_100": 0.20195329831756423, 
    "loss": 1.3722072839736938
}