comps,comp_ranking,top_comp_share,top_0.2comp_share,comp_GINI
0.0 0.0 0.0 0.0 0.0 0.0 0.0,1597,0.87225753113701188,0.87225753113701188,0.82064500889628911
0.0 0.0 0.0 0.0 0.0 0.0 0.0,2444,1.0,1.0,0.85714285714285721
0.0 0.0 0.0 0.03 0.0 0.0 0.0,46,0.5673970474421951,0.5673970474421951,0.73354201355491289
0.0 0.0 0.0 0.0 0.0 0.0 0.0,37,0.48234026807550651,0.48234026807550651,0.69914880120757705
0.0 0.0 0.03 0.0 0.0 0.0 0.0,208,0.5673970474421951,0.5673970474421951,0.73354201355491289
