comps,comp_ranking,top_comp_share,top_0.2comp_share,comp_GINI
0.0 0.0 0.0 0.0 0.01 0.0 0.0 0.03 0.01,8411,0.64622863835602351,0.82540141894402119,0.77147334606667672
0.0 0.0 0.0 0.0 0.0 0.0 0.0 0.06 0.0,6779,1.0,1.0,0.88888888888888884
0.0 0.0 0.04 0.0 0.0 0.01 0.01 0.0 0.0,7484,0.78044792008711861,0.89022396004355919,0.81570486225126171
0.0 0.0 0.01 0.0 0.01 0.0 0.0 0.07 0.01,1808,0.67886585786469777,0.80917957865246293,0.75010607605394475
0.0 0.0 0.0 0.0 0.0 0.0 0.0 0.0 0.0,6435,0.6935682534090124,0.86859747269893195,0.77943271711118467
0.0 0.0 0.0 0.01 0.0 0.0 0.0 0.04 0.0,13700,0.41257464768471697,0.70628732384235848,0.69308043811712783
0.0 0.0 0.0 0.0 0.0 0.0 0.0 0.0 0.0,6756,0.76640595454901028,0.91567796072209073,0.80887175458492155
0.0 0.0 0.0 0.0 0.0 0.0 0.0 0.04 0.01,448,0.40319883277302582,0.60109475319085326,0.57460457100265794
0.01 0.01 0.0 0.05 0.0 0.02 0.0 0.03 0.02,2412,0.51126956571751281,0.74740690448084857,0.69087709919827889
