{
    "recall_at_100": 0.18778564287221602, 
    "loss": 1.0085039138793945
}