{
    "recall_at_100": 0.1993073301604177, 
    "loss": 1.0195660591125488
}