{
    "recall_at_100": 0.1904439984962953, 
    "loss": 1.0242502689361572
}