comps,comp_ranking,top_comp_share,top_0.2comp_share,comp_GINI
0.0 0.0 0.0 0.0 0.0 0.0 0.05 0.01 0.0,1501,0.86178265460937398,1.0,0.85817392324652753
0.0 0.0 0.0 0.64 0.0 0.0 0.0 0.0 0.31,5,0.67560950679450749,1.0,0.81680211262100166
0.0 0.0 0.0 0.0 0.0 0.0 0.0 0.0 0.0,8534,1.0,1.0,0.88888888888888884
0.0 0.0 0.0 0.0 0.0 0.0 0.0 0.0 0.0,11,0.50714292078835599,0.86480485207364777,0.74579308210102524
0.0 0.28 0.0 0.0 0.0 0.0 0.01 0.07 0.2,876,1.0,1.0,0.88888888888888884
0.0 0.0 0.0 0.0 0.0 0.0 0.0 0.08 0.0,536,0.87789096084292562,1.0,0.86175354685398353
0.0 0.0 0.0 0.0 0.0 0.0 0.0 0.0 0.0,376,0.45387654246965881,0.72852769660692263,0.69172333848007961
0.08 0.0 0.0 0.0 0.01 0.0 0.0 0.0 0.0,53,0.53443476598379924,0.89828672556680478,0.75784146201142388
