comps,comp_ranking,top_comp_share,top_0.2comp_share,comp_GINI
0.0 0.0 0.0 0.0 0.0 0.0 0.0 0.0 0.0,9959,0.64115959670674394,0.88005105660714245,0.7824912562919748
0.0 0.06 0.0 0.0 0.0 0.0 0.01 0.0 0.02,288,0.81467517987710092,0.88497789569394703,0.80981211085585536
0.0 0.02 0.0 0.02 0.0 0.03 0.0 0.0 0.34,6324,1.0,1.0,0.88888888888888884
0.0 0.0 0.0 0.0 0.0 0.0 0.0 0.0 0.15,1375,0.67812083274187029,0.83166750549645041,0.75260433107272373
0.0 0.0 0.03 0.0 0.0 0.01 0.04 0.01 0.19,7917,0.38246524712724944,0.58831016475149955,0.6144289987232221
0.0 0.0 0.0 0.0 0.03 0.0 0.03 0.03 0.05,4566,0.76291031707889645,0.94510966427943399,0.82400444030185116
0.0 0.0 0.03 0.0 0.01 0.0 0.0 0.0 0.14,8072,0.59664390140338441,0.8350568099901281,0.72933522700236098
0.0 0.01 0.0 0.0 0.07 0.01 0.0 0.01 0.03,10285,0.58548444484975226,0.79066378556204109,0.72699558293173649
0.0 0.0 0.0 0.0 0.02 0.01 0.0 0.01 0.06,251,0.45978022714738387,0.69678444799666694,0.6406948663548625
