comps,comp_ranking,top_comp_share,top_0.2comp_share,comp_GINI
0.0 0.0 0.0 0.0 0.0 0.0 0.0 0.0 0.0 0.0 0.0,395,1.0,1.0,0.90909090909090906
0.0 0.13 0.0 0.0 0.0 0.0 0.0 0.0 0.0 0.0 0.0,319,0.64150676692351838,0.8306873316592841,0.80901431543588675
0.0 0.06 0.0 0.0 0.0 0.0 0.0 0.02 0.01 0.0 0.0,10504,1.0,1.0,0.90909090909090906
0.0 0.0 0.0 0.0 0.0 0.0 0.0 0.0 0.0 0.0 0.0,85,1.0,1.0,0.90909090909090906
0.0 0.0 0.0 0.0 0.0 0.0 0.0 0.0 0.0 0.0 0.0,52,0.71867220062638948,0.87532087941724934,0.83527146909884342
0.0 0.0 0.0 0.0 0.0 0.0 0.0 0.0 0.0 0.0 0.0,951,0.61835993903018405,1.0,0.83970180709639708
