comps,comp_ranking,top_comp_share,top_0.2comp_share,comp_GINI
0.0 0.0 0.0 0.0 0.0 0.0 0.0 0.0 0.0 0.0 0.0 0.0,37,0.96436210864555671,1.0,0.91072701810759282
0.0 0.0 0.0 0.0 0.0 0.0 0.01 0.0 0.0 0.0 0.0 0.31,70,1.0,1.0,0.91666666666666663
0.0 0.0 0.0 0.0 0.26 0.0 0.0 0.0 0.0 0.0 0.0 0.0,506,0.91251418321181488,1.0,0.90208569720196918
0.0 0.0 0.0 0.0 0.0 0.0 0.0 0.0 0.0 0.0 0.0 0.0,4727,1.0,1.0,0.91666666666666663
0.0 0.0 0.0 0.0 0.0 0.0 0.0 0.0 0.0 0.0 0.0 0.0,6081,1.0,1.0,0.91666666666666663
0.0 0.0 0.07 0.0 0.0 0.0 0.0 0.0 0.0 0.01 0.0 0.0,88,1.0,1.0,0.91666666666666663
