comps,comp_ranking,top_comp_share,top_0.2comp_share,comp_GINI
0.0 0.07 0.0 0.04 0.01 0.0 0.01 0.0 0.0 0.0,324,0.53363583325958241,0.85995721968952332,0.76635231660748826
0.0 0.0 0.0 0.02 0.0 0.0 0.0 0.0 0.01 0.0,5794,0.5862288331614508,1.0,0.81724576663229009
0.1 0.0 0.0 0.02 0.0 0.0 0.0 0.0 0.0 0.0,451,0.83858373032478162,1.0,0.8677167460649563
0.0 0.0 0.0 0.0 0.0 0.0 0.0 0.0 0.0 0.0,813,0.54339145258168242,0.76330776725859684,0.7482106133021168
0.05 0.02 0.02 0.0 0.0 0.0 0.0 0.01 0.0 0.0,9921,0.76548940975764956,1.0,0.85309788195152991
0.01 0.0 0.0 0.0 0.0 0.0 0.0 0.0 0.0 0.0,9180,1.0,1.0,0.90000000000000002
0.0 0.0 0.0 0.0 0.0 0.0 0.0 0.0 0.0 0.0,7351,1.0,1.0,0.90000000000000002
0.02 0.0 0.0 0.0 0.0 0.0 0.0 0.0 0.0 0.0,8191,0.83110864791956096,1.0,0.86622172958391219
