comps,comp_ranking,top_comp_share,top_0.2comp_share,comp_GINI
0.0 0.0 0.0 0.0 0.0 0.0 0.0 0.0 0.0,173,0.54541679894294814,0.74372441768409647,0.66493577807706084
0.0 0.02 0.05 0.01 0.0 0.01 0.03 0.15 0.0,13,0.29273379742317829,0.54156355743495466,0.49679570001766293
0.0 0.02 0.17 0.15 0.0 0.06 0.1 0.06 0.04,15,0.38266861058600971,0.56454181163058925,0.51477590248240523
0.0 0.07 0.24 0.12 0.0 0.03 0.03 0.08 0.06,41,0.35692263286263143,0.55649044900952804,0.50438192233646917
0.0 0.01 0.15 0.09 0.01 0.05 0.06 0.04 0.03,2096,0.47395441797350862,0.66850573190631524,0.6678927101597657
0.0 0.01 0.0 0.0 0.02 0.0 0.02 0.05 0.0,36,0.35768124927466827,0.64045156988721841,0.6045388097853357
0.0 0.03 0.17 0.07 0.13 0.0 0.0 0.0 0.07,115,0.33465621239443616,0.60794997874826451,0.56947889405985896
0.0 0.02 0.09 0.02 0.05 0.01 0.0 0.07 0.01,131,0.34485316391277226,0.55139923908303345,0.5243156709038147
0.0 0.09 0.04 0.04 0.02 0.01 0.0 0.05 0.01,36,0.2965455409218043,0.55731914837158125,0.54092013283071272
