comps,comp_ranking,top_comp_share,top_0.2comp_share,comp_GINI
0.0 0.0 0.0 0.0 0.0 0.0 0.0 0.0 0.0,3340,1.0,1.0,0.88888888888888884
0.0 0.0 0.04 0.0 0.0 0.0 0.0 0.0 0.0,8791,1.0,1.0,0.88888888888888884
0.0 0.0 0.0 0.0 0.0 0.0 0.0 0.0 0.01,78,0.44688146244790544,0.70454684573563975,0.67840470291192678
0.0 0.04 0.0 0.08 0.05 0.0 0.02 0.0 0.0,691,0.85008476549153467,1.0,0.85557439233145216
0.0 0.0 0.0 0.08 0.01 0.0 0.0 0.0 0.0,1068,0.47509480542461602,0.769772449149141,0.70105283317156875
0.0 0.0 0.0 0.01 0.0 0.0 0.02 0.0 0.01,437,0.53137303340311415,1.0,0.78474956297846976
0.0 0.0 0.0 0.0 0.0 0.0 0.06 0.0 0.05,958,0.54470765547835653,0.87070471297566854,0.75898052632311663
0.0 0.0 0.0 0.01 0.0 0.04 0.02 0.0 0.0,566,1.0,1.0,0.88888888888888884
0.0 0.0 0.0 0.0 0.0 0.0 0.0 0.0 0.1,125,0.54417218899376685,0.77834661404288841,0.71815493541826658
