{
    "recall_at_100": 0.224120008953804, 
    "loss": 1.3695029020309448
}