{
    "recall_at_100": 0.16330046274644613, 
    "loss": 1.363348364830017
}