comps,comp_ranking,top_comp_share,top_0.2comp_share,comp_GINI
0.0 0.07 0.0 0.02,81,0.77294141563932695,0.77294141563932695,0.63647070781966353
0.0 0.0 0.0 0.0,365,1.0,1.0,0.75
0.03 0.0 0.0 0.0,2215,1.0,1.0,0.75
