comps,comp_ranking,top_comp_share,top_0.2comp_share,comp_GINI
0.02 0.0 0.03 0.14 0.0 0.0 0.0 0.01,685,0.72775557887215025,0.86696520336687977,0.7667904707463149
0.02 0.0 0.0 0.0 0.0 0.0 0.0 0.08,2891,0.81544412320467219,1.0,0.82886103080116802
0.0 0.0 0.0 0.0 0.0 0.0 0.0 0.02,12788,1.0,1.0,0.875
0.02 0.0 0.0 0.0 0.0 0.0 0.0 0.04,6010,0.65550244261246371,1.0,0.78887561065311596
0.31 0.0 0.0 0.0 0.0 0.0 0.0 0.02,138,0.95293465875434336,1.0,0.86323366468858587
0.0 0.0 0.0 0.0 0.0 0.05 0.0 0.01,5841,0.79818793756278772,1.0,0.82454698439069696
0.0 0.0 0.0 0.0 0.0 0.07 0.0 0.03,3022,0.71224844688089617,1.0,0.80306211172022401
0.0 0.0 0.0 0.0 0.0 0.0 0.0 0.06,5807,1.0,1.0,0.875
0.0 0.03 0.0 0.02 0.0 0.0 0.01 0.01,1144,0.42298555624904893,0.66340157989920412,0.50996973971171022
