{
    "recall_at_100": 0.12101920127824553, 
    "loss": 1.2017220258712769
}