{
    "recall_at_100": 0.1214162253970576, 
    "loss": 1.202453374862671
}