{
    "recall_at_100": 0.10286080812465333, 
    "loss": 1.2122628688812256
}