{
    "recall_at_100": 0.16003900838622584, 
    "loss": 1.0907784700393677
}