{
    "recall_at_100": 0.215890971643049, 
    "loss": 1.0269100666046143
}