comps,comp_ranking,top_comp_share,top_0.2comp_share,comp_GINI
0.0 0.0 0.0 0.0 0.0 0.0 0.0,9752,1.0,1.0,0.85714285714285721
0.0 0.0 0.0 0.0 0.0 0.0 0.0,6347,1.0,1.0,0.85714285714285721
0.0 0.0 0.0 0.0 0.0 0.0 0.0,1334,0.5086232538105615,0.5086232538105615,0.71674950108873192
0.0 0.0 0.0 0.0 0.0 0.0 0.0,3220,1.0,1.0,0.85714285714285721
0.0 0.0 0.0 0.0 0.0 0.0 0.02,3171,0.65387356482151626,0.65387356482151626,0.72690160455146091
