comps,comp_ranking,top_comp_share,top_0.2comp_share,comp_GINI
0.0 0.0 0.0 0.0 0.0 0.02 0.0 0.0 0.0 0.02,8289,0.54909907132926894,1.0,0.80981981426585381
0.0 0.0 0.0 0.0 0.0 0.0 0.0 0.09 0.0 0.0,2479,1.0,1.0,0.90000000000000002
0.0 0.0 0.0 0.0 0.0 0.02 0.0 0.0 0.0 0.0,10745,1.0,1.0,0.90000000000000002
0.0 0.0 0.0 0.0 0.0 0.02 0.0 0.0 0.0 0.0,11984,1.0,1.0,0.90000000000000002
0.0 0.0 0.0 0.0 0.0 0.0 0.0 0.0 0.0 0.0,7212,0.56195299180948721,0.78343222503200594,0.76907704336829863
0.0 0.0 0.0 0.0 0.0 0.0 0.0 0.0 0.0 0.0,3631,1.0,1.0,0.90000000000000002
0.0 0.0 0.01 0.0 0.0 0.0 0.0 0.0 0.0 0.0,12608,1.0,1.0,0.90000000000000002
