comps,comp_ranking,top_comp_share,top_0.2comp_share,comp_GINI
0.13 0.02 0.19 0.2 0.0 0.0 0.03 0.0 0.01,27,0.34560710452598231,0.68107240429671023,0.64151946452988051
0.21 0.0 0.12 0.04 0.0 0.0 0.01 0.04 0.0,50,0.49925212234821631,0.78709421631799037,0.6986568921370726
0.01 0.0 0.0 0.01 0.0 0.01 0.05 0.0 0.0,1195,0.63463514894430817,0.81872582875476441,0.75156954755317396
0.21 0.08 0.0 0.22 0.0 0.0 0.07 0.0 0.01,28,0.36390507531198113,0.7242671004867639,0.6543799227236744
0.23 0.03 0.01 0.23 0.0 0.0 0.0 0.0 0.0,39,0.46586260764505127,0.92250043940157656,0.74723851482915526
0.0 0.0 0.0 0.0 0.0 0.0 0.0 0.0 0.0,2452,0.81391316374178813,1.0,0.84753625860928627
0.0 0.0 0.01 0.0 0.0 0.0 0.05 0.0 0.0,399,0.32036983701913824,0.62781386087194202,0.57821126102488696
0.02 0.0 0.04 0.04 0.0 0.0 0.02 0.0 0.01,6167,1.0,1.0,0.88888888888888884
0.0 0.03 0.0 0.0 0.0 0.0 0.0 0.0 0.0,6807,0.49041147663928186,0.74520573831964088,0.71902604776864965
