{
    "recall_at_100": 0.20410650829625898, 
    "loss": 1.1849056482315063
}