{
    "recall_at_100": 0.15359124818958614, 
    "loss": 1.1784428358078003
}