comps,comp_ranking,top_comp_share,top_0.2comp_share,comp_GINI
0.0 0.0 0.0 0.0 0.0 0.06 0.0 0.0 0.01 0.0,2557,0.90070932560125505,1.0,0.88014186512025105
0.0 0.0 0.0 0.0 0.0 0.0 0.0 0.0 0.0 0.0,5392,1.0,1.0,0.90000000000000002
0.0 0.0 0.0 0.0 0.0 0.0 0.0 0.0 0.0 0.0,11588,1.0,1.0,0.90000000000000002
0.0 0.0 0.0 0.0 0.0 0.04 0.0 0.0 0.0 0.0,644,0.35837139321632394,0.63587902692207765,0.65810413331550399
0.0 0.0 0.0 0.0 0.0 0.0 0.0 0.0 0.0 0.0,2610,1.0,1.0,0.90000000000000002
0.0 0.0 0.0 0.0 0.0 0.01 0.0 0.0 0.0 0.0,1647,1.0,1.0,0.90000000000000002
0.02 0.0 0.0 0.01 0.0 0.0 0.03 0.0 0.02 0.0,1771,0.69690836328193029,0.91045370614813881,0.82147241388601377
0.0 0.0 0.0 0.0 0.0 0.0 0.06 0.0 0.0 0.0,9057,1.0,1.0,0.90000000000000002
