comps,comp_ranking,top_comp_share,top_0.2comp_share,comp_GINI
0.0 0.14 0.0 0.0 0.0 0.21 0.21 0.0 0.0 0.0,13,0.37323675304482223,0.74647350608964447,0.72394205182689331
0.0 0.0 0.0 0.0 0.0 0.0 0.02 0.0 0.02 0.0,3294,0.58220226936020647,1.0,0.81644045387204134
0.05 0.0 0.0 0.0 0.0 0.1 0.15 0.04 0.0 0.0,37,0.43181771968645299,0.73903728961716253,0.71235839388097211
0.0 0.0 0.0 0.0 0.0 0.0 0.0 0.0 0.0 0.0,7794,1.0,1.0,0.90000000000000002
0.0 0.0 0.0 0.0 0.0 0.0 0.02 0.0 0.0 0.0,23,0.52025750973518681,0.79790306355121299,0.76363211465727998
0.0 0.0 0.0 0.0 0.0 0.0 0.0 0.0 0.0 0.0,11,0.43827640230431153,0.76703115206226646,0.71954509294179758
0.08 0.0 0.12 0.0 0.0 0.0 0.22 0.0 0.0 0.0,1442,0.61886846374461957,0.87360517482589006,0.7984947277141019
0.09 0.02 0.17 0.0 0.01 0.0 0.23 0.01 0.0 0.0,4314,0.5646182398650087,1.0,0.81292364797300176
