comps,comp_ranking,top_comp_share,top_0.2comp_share,comp_GINI
0.0 0.0 0.02 0.0 0.0 0.01 0.0 0.0 0.0 0.0 0.27,39,0.89471019362606918,0.96185450586417953,0.88301176354368149
0.0 0.0 0.0 0.0 0.01 0.0 0.0 0.0 0.03 0.0 0.01,1700,0.53467509949893521,0.773789073170152,0.78335712230347032
0.0 0.0 0.0 0.0 0.0 0.0 0.0 0.0 0.0 0.0 0.0,10,0.67236419014218485,0.95237248566702892,0.8365314397532233
0.02 0.0 0.0 0.0 0.21 0.0 0.0 0.5 0.0 0.0 0.02,13,0.52380576143169022,0.98300249413078433,0.81941968282954081
0.0 0.0 0.0 0.0 0.0 0.0 0.0 0.0 0.0 0.0 0.0,3841,1.0,1.0,0.90909090909090906
0.0 0.01 0.0 0.35 0.0 0.0 0.0 0.3 0.0 0.0 0.0,8,0.73255473151127704,1.0,0.86046449663841407
0.04 0.0 0.0 0.0 0.0 0.0 0.0 0.0 0.0 0.0 0.0,5471,1.0,1.0,0.90909090909090906
0.0 0.0 0.0 0.0 0.0 0.0 0.0 0.0 0.0 0.0 0.0,34,0.90472082070090032,0.97261638923943072,0.88678858362551471
