,disease_median_Complementarity,disease_median_Direct Neighbor Norm.,disease_zscore_Complementarity,disease_zscore_Direct Neighbor Norm.
count,4.0,4.0,4.0,4.0
mean,0.007178740334630027,0.0011357504631877514,5.457964247004337,4.273641577397287
std,0.001652895310736039,0.0005579373536067886,2.057577260208349,3.0822600622611054
min,0.005364696375174891,0.0006661917756638325,3.780110756482736,1.1288418587725342
25%,0.006233073152893,0.0007113186494040194,3.9755936416679996,2.1045197198089447
50%,0.007046335692640567,0.0010095827373179842,4.901887619976968,4.010679434846832
75%,0.007992002874377593,0.0014340145511017163,6.384258225313305,6.179801292435174
max,0.00925759357806408,0.0018576446024512053,8.247970991580678,7.94436558112295
