comps,comp_ranking,top_comp_share,top_0.2comp_share,comp_GINI
0.0 0.0 0.0 0.0 0.0 0.0 0.0 0.0 0.0 0.0 0.0 0.0,3724,0.5,1.0,0.83333333333333337
0.0 0.0 0.0 0.0 0.02 0.0 0.0 0.0 0.0 0.02 0.0 0.0,174,0.95452199431539431,1.0,0.90908699905256574
0.0 0.0 0.01 0.0 0.22 0.0 0.0 0.0 0.0 0.0 0.0 0.0,634,0.47671892176877306,0.63808903962986285,0.71949793321579514
0.0 0.0 0.01 0.02 0.02 0.0 0.0 0.06 0.0 0.01 0.0 0.0,6837,1.0,1.0,0.91666666666666663
0.0 0.0 0.0 0.02 0.0 0.0 0.0 0.0 0.0 0.0 0.0 0.0,290,0.82946180741719322,0.89867138917417422,0.86291148186307576
0.0 0.01 0.15 0.01 0.0 0.0 0.0 0.0 0.0 0.01 0.0 0.0,8869,1.0,1.0,0.91666666666666663
0.0 0.0 0.0 0.0 0.0 0.0 0.0 0.0 0.0 0.0 0.0 0.0,1178,0.78227369701725946,1.0,0.88037894950287654
0.0 0.0 0.0 0.0 0.0 0.0 0.0 0.0 0.0 0.01 0.0 0.0,3423,0.22658296403926156,0.44380665263674579,0.60305025371288212
