{
    "recall_at_100": 0.01849488487300122, 
    "loss": 7.977730024472098
}