{
    "recall_at_100": 0.08012490356673181, 
    "loss": 1.0824999332892502
}