{
    "recall_at_100": 0.0717923696801813, 
    "loss": 1.3418303110425474
}