comps,comp_ranking,top_comp_share,top_0.2comp_share,comp_GINI
0.0 0.0 0.0 0.0 0.35 0.0 0.0 0.0,28,1.0,1.0,0.875
0.0 0.0 0.0 0.0 0.0 0.0 0.0 0.0,154,1.0,1.0,0.875
0.0 0.0 0.13 0.0 0.0 0.0 0.0 0.0,74,0.92086659134442095,1.0,0.85521664783610518
0.0 0.0 0.19 0.0 0.02 0.0 0.0 0.0,65,0.92382847496607101,1.0,0.85595711874151781
0.0 0.0 0.0 0.0 0.0 0.0 0.0 0.0,72,0.71275700431531552,1.0,0.80318925107882888
0.21 0.0 0.0 0.02 0.0 0.0 0.0 0.0,87,0.80406750767766488,1.0,0.82601687691941628
0.0 0.0 0.0 0.0 0.0 0.0 0.14 0.06,1357,0.62318780869849955,1.0,0.78079695217462497
