comps,comp_ranking,top_comp_share,top_0.2comp_share,comp_GINI
0.0 0.0 0.0 0.0 0.0 0.0 0.0 0.0 0.0,7471,0.68537926529215842,0.86650635590648784,0.78930791582192139
0.0 0.0 0.0 0.0 0.02 0.0 0.0 0.02 0.09,6833,1.0,1.0,0.88888888888888884
0.0 0.0 0.0 0.0 0.14 0.0 0.0 0.0 0.0,13494,0.85772037689995762,1.0,0.85727119486665726
0.0 0.0 0.0 0.0 0.04 0.0 0.0 0.01 0.0,1395,0.66965298543252494,0.87142879199638079,0.77710134614679494
0.0 0.0 0.0 0.0 0.24 0.0 0.02 0.03 0.07,267,0.32106682022975647,0.5597612205387692,0.51703584644167855
0.0 0.0 0.02 0.0 0.04 0.01 0.01 0.05 0.03,4880,1.0,1.0,0.88888888888888884
0.0 0.0 0.0 0.0 0.0 0.18 0.0 0.0 0.0,5418,0.72842690835066193,1.0,0.82853931296681371
0.0 0.0 0.0 0.0 0.05 0.12 0.0 0.0 0.0,3105,0.83189856857401112,0.90988944889730006,0.82166086500895519
0.0 0.01 0.0 0.0 0.02 0.19 0.0 0.0 0.01,2630,0.54301292538323676,0.76598965973904976,0.72092665545312007
