{
    "recall_at_100": 0.18724641276693074, 
    "loss": 0.985653281211853
}