{
    "recall_at_100": 0.19539666779990494, 
    "loss": 0.9925243258476257
}