{
    "recall_at_100": 0.19391978116247532, 
    "loss": 1.0377957820892334
}