{
    "recall_at_100": 0.22721138638728663, 
    "loss": 1.3668888807296753
}