comps,comp_ranking,top_comp_share,top_0.2comp_share,comp_GINI
0.0 0.0 0.0 0.0 0.0 0.0 0.0 0.0 0.0 0.0 0.0,1984,1.0,1.0,0.90909090909090906
0.0 0.0 0.0 0.05 0.0 0.0 0.0 0.0 0.0 0.0 0.0,75,0.7980553650072999,0.92978022021170825,0.85487519274985302
0.0 0.0 0.01 0.22 0.0 0.0 0.0 0.01 0.0 0.0 0.04,294,0.44226467398556168,0.87447165093948842,0.7848611499863728
0.0 0.0 0.02 0.06 0.0 0.0 0.0 0.0 0.0 0.0 0.05,66,0.61930995108885789,0.75704697606742644,0.76415111944253433
0.0 0.03 0.24 0.05 0.0 0.0 0.0 0.02 0.0 0.0 0.05,6076,1.0,1.0,0.90909090909090906
0.0 0.0 0.0 0.0 0.0 0.0 0.0 0.0 0.0 0.0 0.02,6005,0.71799580431816012,1.0,0.85781741896693819
0.0 0.0 0.0 0.0 0.0 0.0 0.0 0.0 0.0 0.0 0.0,740,1.0,1.0,0.90909090909090906
0.0 0.0 0.0 0.0 0.0 0.0 0.0 0.0 0.0 0.0 0.0,140,0.29428892573802506,0.54660703492920437,0.6465147199073874
