comps,comp_ranking,top_comp_share,top_0.2comp_share,comp_GINI
0.25 0.0 0.0 0.12 0.0 0.0 0.0 0.0 0.01 0.0,99,0.67334943156870042,0.98441970477350238,0.83155382726844052
0.24 0.0 0.0 0.27 0.0 0.0 0.0 0.0 0.0 0.0,30,0.53555749939552166,1.0,0.80711149987910435
0.0 0.0 0.0 0.0 0.0 0.0 0.0 0.0 0.0 0.0,10474,0.5,1.0,0.80000000000000004
0.0 0.0 0.0 0.0 0.0 0.0 0.0 0.0 0.0 0.0,10202,0.5,1.0,0.80000000000000004
0.13 0.32 0.0 0.0 0.0 0.0 0.0 0.0 0.0 0.0,69,0.71396424439530015,1.0,0.84279284887906003
0.0 0.0 0.0 0.0 0.0 0.0 0.0 0.0 0.0 0.0,4843,0.58817931057876149,0.79455068712560473,0.75600106825343372
0.0 0.0 0.0 0.0 0.0 0.0 0.0 0.0 0.01 0.02,107,0.5,1.0,0.80000000000000004
0.0 0.0 0.0 0.0 0.0 0.0 0.0 0.0 0.15 0.15,106,0.55524798125531394,0.9519984238925826,0.79707714344239045
0.0 0.0 0.0 0.0 0.0 0.0 0.0 0.0 0.0 0.0,147,0.54091239586622308,0.92741939766156845,0.79366635870555835
