{
    "recall_at_100": 0.17607678819590175, 
    "loss": 1.3644205331802368
}