{
    "recall_at_100": 0.16147661174102693, 
    "loss": 1.1741821765899658
}