{
    "recall_at_100": 0.19766736170905655, 
    "loss": 1.2142159938812256
}