{
    "recall_at_100": 0.01716313887183413, 
    "loss": 1.4447484016418457
}