comps,comp_ranking,top_comp_share,top_0.2comp_share,comp_GINI
0.0 0.0 0.0 0.02 0.0 0.0 0.0 0.03 0.0,1732,0.5600760401909104,1.0,0.79112800893131341
0.0 0.0 0.2 0.05 0.0 0.0 0.01 0.01 0.0,50,0.72175254003595279,0.89427901123379483,0.79234210725236642
0.0 0.0 0.0 0.0 0.0 0.0 0.0 0.0 0.0,36,0.90040271535208161,1.0,0.86675615896712932
0.0 0.28 0.0 0.0 0.0 0.0 0.03 0.0 0.0,84,0.64565734081084092,0.84038339005256057,0.76416405181155245
0.02 0.03 0.0 0.0 0.0 0.0 0.01 0.1 0.0,679,1.0,1.0,0.88888888888888884
0.0 0.0 0.0 0.0 0.0 0.0 0.0 0.0 0.0,2665,0.45111537995380707,0.7631876372761337,0.71428955938443128
0.0 0.0 0.0 0.0 0.0 0.0 0.0 0.08 0.0,49,0.56603798950319828,0.8246819612299584,0.74239077974283352
