comps,comp_ranking,top_comp_share,top_0.2comp_share,comp_GINI
0.0 0.88 0.01 0.13 0.04 0.02 0.0 0.01 0.0,8,0.80701631541317198,0.92528161879107929,0.810662516375253
0.01 0.01 0.01 0.01 0.0 0.0 0.0 0.0 0.0,13087,0.2506172990420284,0.50123459808405679,0.55637862094492674
1.54 0.0 0.01 0.14 0.02 0.0 0.0 0.01 0.0,3,0.88828591847085625,0.97013617810010855,0.84977109784893279
0.06 0.01 0.03 0.01 0.0 0.0 0.0 0.01 0.0,5987,0.50382128052916253,0.78145772766716881,0.69055995749658405
0.15 0.0 0.1 0.0 0.04 0.01 0.0 0.01 0.03,115,0.43768481945189264,0.71288817976521035,0.63388062164861414
0.09 0.0 0.03 0.0 0.09 0.01 0.0 0.0 0.01,1310,0.41124452869949607,0.79734559235861857,0.68979674735129481
0.04 0.0 0.0 0.0 0.03 0.01 0.0 0.01 0.0,7243,0.46898396900798656,0.79953252328306856,0.68783408921271327
0.0 0.0 0.0 0.0 0.0 0.0 0.0 0.0 0.0,6036,0.31971644861181653,0.5723110329434804,0.58643452395066187
0.03 0.0 0.03 0.01 0.04 0.0 0.01 0.0 0.0,4087,0.74581166758396222,0.8884788679468546,0.80762011900684816
