comps,comp_ranking,top_comp_share,top_0.2comp_share,comp_GINI
0.02 0.0 0.0 0.02 0.01 0.02 0.0,7110,0.27869195137182129,0.27869195137182129,0.46674292164665143
0.01 0.0 0.01 0.11 0.0 0.12 0.02,47,0.44255327994246008,0.44255327994246008,0.62302346152352173
0.0 0.0 0.0 0.0 0.0 0.0 0.0,5321,0.45024598322813258,0.45024598322813258,0.54171746871100313
0.0 0.02 0.0 0.02 0.01 0.04 0.01,202,0.71345289995121908,0.71345289995121908,0.7117711632818976
0.01 0.18 0.0 0.01 0.01 0.04 0.0,5768,0.2509386508407967,0.2509386508407967,0.30115787583041687
0.01 0.02 0.0 0.01 0.02 0.01 0.01,266,0.65371332979207608,0.65371332979207608,0.64985113856655086
0.0 0.12 0.0 0.02 0.03 0.0 0.01,4727,0.56833121924105867,0.56833121924105867,0.69054558134831623
