comps,comp_ranking,top_comp_share,top_0.2comp_share,comp_GINI
0.3 0.0 0.02 0.02 0.0 0.0 0.0 0.03 0.0,12,0.80528476088903322,0.89931595535795217,0.8125215949772483
0.3 0.0 0.0 0.01 0.0 0.0 0.0 0.0 0.0,22,0.96599208384196045,1.0,0.88133157418710228
0.0 0.0 0.0 0.0 0.0 0.0 0.0 0.0 0.0,8706,0.64829115782156488,0.83654616363893519,0.77440829365788888
0.02 0.0 0.0 0.0 0.0 0.0 0.0 0.0 0.0,3329,0.56747091449789189,0.77356739172406219,0.70627169247104948
0.01 0.01 0.0 0.0 0.0 0.0 0.0 0.03 0.0,174,0.93090727496450809,1.0,0.8735349499921129
0.0 0.0 0.0 0.0 0.0 0.0 0.0 0.0 0.0,637,0.4493754866947417,0.73115608228566276,0.68175010873105357
0.0 0.0 0.0 0.0 0.0 0.0 0.0 0.0 0.0,11546,1.0,1.0,0.88888888888888884
