comps,comp_ranking,top_comp_share,top_0.2comp_share,comp_GINI
0.01 0.0 0.0 0.0 0.05 0.02 0.0 0.0 0.0,3083,0.64701121476623569,0.8861415863708263,0.78514506691934716
0.01 0.0 0.0 0.03 0.02 0.03 0.01 0.02 0.0,1440,0.2550150387071512,0.49135077545288469,0.48387747159505123
0.0 0.0 0.0 0.0 0.0 0.0 0.0 0.0 0.0,381,0.76060805790234254,0.86477734997157429,0.79243504850961188
0.0 0.0 0.0 0.01 0.01 0.02 0.0 0.14 0.0,2234,0.27486843349391954,0.4541722192458264,0.38819003112018846
0.0 0.03 0.0 0.01 0.01 0.02 0.01 0.01 0.01,285,0.33493284344927104,0.59872981064288,0.57082704864910117
0.05 0.02 0.0 0.01 0.01 0.06 0.03 0.0 0.0,1077,0.40324362934268726,0.60829702541142128,0.56136745609855798
0.01 0.02 0.0 0.01 0.01 0.05 0.01 0.0 0.0,1219,0.41013459055465173,0.5691345363751189,0.57292023547037529
0.0 0.02 0.0 0.0 0.02 0.05 0.02 0.0 0.02,153,0.73857746610748409,0.88942571759898148,0.80622292971254794
0.0 0.04 0.0 0.18 0.03 0.0 0.0 0.0 0.0,6197,0.5240279644043,1.0,0.7831173254231778
