comps,comp_ranking,top_comp_share,top_0.2comp_share,comp_GINI
0.0 0.0 0.0 0.0 0.0 0.0 0.0 0.0,1804,1.0,1.0,0.875
0.0 0.0 0.0 0.0 0.0 0.0 0.0 0.0,8,0.53683087024683518,1.0,0.75920771756170879
0.0 0.0 0.0 0.0 0.0 0.04 0.0 0.0,28,0.75185996075601103,1.0,0.81296499018900281
0.0 0.0 0.0 0.0 0.0 0.0 0.0 0.0,358,0.52479218913472603,1.0,0.75619804728368145
0.0 0.0 0.0 0.0 0.29 0.0 0.0 0.25,2141,1.0,1.0,0.875
0.0 0.0 0.0 0.0 0.22 0.0 0.0 0.07,56,0.72331517463741135,1.0,0.80582879365935289
