comps,comp_ranking,top_comp_share,top_0.2comp_share,comp_GINI
0.0 0.03 0.03 0.03 0.0 0.0 0.0 0.0 0.0,495,0.36829323602266428,0.69253053032322975,0.6801830591879765
0.0 0.0 0.0 0.0 0.0 0.0 0.0 0.0 0.0,2425,0.49806324445269351,0.8237205123618212,0.73817416818100323
0.02 0.0 0.01 0.0 0.0 0.01 0.0 0.0 0.0,3702,0.61727109950579129,1.0,0.80383802211239808
0.02 0.0 0.01 0.0 0.0 0.0 0.0 0.0 0.0,5806,1.0,1.0,0.88888888888888884
0.02 0.0 0.0 0.0 0.0 0.0 0.0 0.0 0.0,7069,1.0,1.0,0.88888888888888884
