comps,comp_ranking,top_comp_share,top_0.2comp_share,comp_GINI
0.03 0.0 0.0 0.0 0.0,2582,1.0,1.0,0.80000000000000004
0.02 0.0 0.0 0.0 0.0,2823,0.83047915280146278,0.83047915280146278,0.73219166112058509
0.0 0.0 0.0 0.0 0.0,7384,1.0,1.0,0.80000000000000004
