comps,comp_ranking,top_comp_share,top_0.2comp_share,comp_GINI
0.0 0.0 0.0 0.0 0.02 0.0 0.0 0.04,1525,0.63780798913752401,0.93194521558968957,0.76743830118180345
0.0 0.0 0.0 0.0 0.0 0.0 0.0 0.05,3317,1.0,1.0,0.875
0.0 0.0 0.02 0.0 0.0 0.01 0.0 0.02,4097,0.41812822299986563,0.79482800830024092,0.67823905782502669
0.0 0.0 0.02 0.0 0.0 0.0 0.0 0.0,9604,1.0,1.0,0.875
0.0 0.0 0.0 0.0 0.0 0.0 0.0 0.0,5404,1.0,1.0,0.875
0.04 0.0 0.0 0.0 0.0 0.0 0.0 0.0,7487,0.5,1.0,0.75
0.0 0.0 0.01 0.0 0.0 0.0 0.0 0.01,11670,1.0,1.0,0.875
0.01 0.0 0.0 0.0 0.0 0.0 0.0 0.0,1322,0.58582852912621053,0.80851941247650161,0.70782954918153251
