comps,comp_ranking,top_comp_share,top_0.2comp_share,comp_GINI
0.0 0.0 0.0 0.03 0.03 0.0 0.0 0.0 0.04 0.0,2065,0.43779890956558537,0.71889945478279271,0.73133967286967561
0.0 0.0 0.02 0.0 0.0 0.0 0.0 0.0 0.01 0.0,9841,0.58368459226991787,1.0,0.81673691845398355
0.0 0.0 0.0 0.0 0.0 0.0 0.0 0.0 0.02 0.0,5584,0.70149095880279366,0.82774080806242356,0.79489314561457025
0.0 0.03 0.02 0.0 0.0 0.0 0.0 0.0 0.0 0.0,7457,0.63297212050230289,1.0,0.82659442410046058
0.01 0.0 0.0 0.0 0.03 0.0 0.0 0.0 0.0 0.0,7514,0.76048723999446666,1.0,0.85209744799889331
0.01 0.0 0.01 0.0 0.04 0.0 0.0 0.0 0.0 0.0,4424,0.6511710112886574,0.85625501263294745,0.80148520478432095
0.0 0.0 0.0 0.0 0.0 0.0 0.0 0.0 0.0 0.0,12689,0.5,1.0,0.80000000000000004
0.0 0.0 0.0 0.0 0.0 0.0 0.0 0.0 0.0 0.0,4506,0.59382254521041333,0.83129734662619048,0.7757519248536795
