comps,comp_ranking,top_comp_share,top_0.2comp_share,comp_GINI
0.0 0.03 0.0 0.0 0.0 0.12 0.12 0.0 0.0 0.0,37,0.44580482241461505,0.87271624890618715,0.76370421426416035
0.0 0.0 0.0 0.0 0.0 0.0 0.0 0.0 0.0 0.0,1236,1.0,1.0,0.90000000000000002
0.03 0.0 0.0 0.0 0.0 0.0 0.0 0.0 0.0 0.0,1044,1.0,1.0,0.90000000000000002
0.0 0.0 0.0 0.0 0.0 0.0 0.0 0.0 0.0 0.03,33,0.588801306174211,1.0,0.81776026123484225
0.0 0.0 0.0 0.0 0.0 0.0 0.0 0.0 0.0 0.0,39,0.57827779921721123,1.0,0.81565555984344218
0.0 0.0 0.0 0.0 0.0 0.0 0.0 0.0 0.0 0.0,1714,1.0,1.0,0.90000000000000002
