comps,comp_ranking,top_comp_share,top_0.2comp_share,comp_GINI
0.0 0.03 0.0 0.0 0.0,1874,1.0,1.0,0.80000000000000004
0.0 0.0 0.0 0.0 0.0,3323,1.0,1.0,0.80000000000000004
0.02 0.0 0.0 0.0 0.0,5237,1.0,1.0,0.80000000000000004
0.0 0.0 0.0 0.0 0.01,4985,1.0,1.0,0.80000000000000004
