disease_id,disease_name,disease_size,null_pairwise_means_COMP,null_pairwise_means_DNS,pairwise_mean_COMP,pairwise_mean_DNS,pvalue_COMP,pvalue_DNS
C0018818,Ventricular Septal Defects,117,[0.00081013 0.00073637 0.00075925 ... 0.00077477 0.0008662  0.00078738],"[6.23658758e-07 8.57219535e-07 8.22788056e-07 ... 2.09141793e-06
 9.74121015e-07 1.45015997e-06]",0.0010100446160149718,5.287998785010846e-06,0.0001,0.0122
C0162671,MELAS Syndrome,11,[0.0009446  0.00027488 0.0004877  ... 0.00063475 0.00068262 0.00090797],"[2.64562863e-06 0.00000000e+00 7.39098300e-06 ... 0.00000000e+00
 3.31906137e-06 0.00000000e+00]",0.015593665488640038,5.0465919453946545e-05,0.0,0.0
C0023470,Myeloid Leukemia,17,[0.00093407 0.00127745 0.00180242 ... 0.00112442 0.00096521 0.00132437],"[6.19726707e-08 7.61466935e-07 1.82228552e-06 ... 4.21121291e-06
 5.63443768e-07 3.15746266e-07]",0.003673065962168803,3.733743069036745e-06,0.0,0.0673
