comps,comp_ranking,top_comp_share,top_0.2comp_share,comp_GINI
0.25 0.0 0.0 0.01 0.0,101,0.95713487459308633,0.95713487459308633,0.78285394983723444
0.22 0.02 0.0 0.13 0.04,27,0.53537810987644174,0.53537810987644174,0.53917663480428446
0.0 0.03 0.0 0.01 0.0,6450,0.64924682604658079,0.64924682604658079,0.65969873041863236
0.0 0.0 0.0 0.0 0.0,970,0.60262437462060681,0.60262437462060681,0.58685730654507118
0.0 0.05 0.0 0.0 0.03,2988,0.6302007066914399,0.6302007066914399,0.65208028267657592
