comps,comp_ranking,top_comp_share,top_0.2comp_share,comp_GINI
0.01 0.0 0.0 0.0 0.05 0.0 0.13 0.04 0.0 0.03,1229,0.51503158838655394,0.71542799209999752,0.70956485545099279
0.02 0.0 0.0 0.0 0.0 0.0 0.16 0.05 0.0 0.0,1780,0.71680909733680054,0.93124621860552081,0.82961106318846423
0.0 0.0 0.0 0.0 0.0 0.0 0.0 0.0 0.0 0.0,3610,0.53781029743761988,0.66603976199297443,0.66741991087373997
0.0 0.0 0.0 0.02 0.08 0.02 0.01 0.01 0.0 0.02,116,0.70527408120911372,0.809642960288805,0.78080605652895341
0.0 0.0 0.0 0.01 0.34 0.0 0.03 0.05 0.0 0.05,12,0.36828798066926782,0.68192628704797009,0.6377655949233918
0.01 0.0 0.0 0.03 0.2 0.02 0.04 0.08 0.0 0.17,3065,0.3064229404054522,0.59196409451687404,0.62401888360648416
0.0 0.0 0.0 0.02 0.0 0.05 0.05 0.01 0.0 0.03,462,0.22531845900684314,0.41660377642925006,0.41328439153215102
0.05 0.04 0.0 0.01 0.03 0.07 0.03 0.03 0.0 0.08,714,0.38944035025735785,0.63812037088922546,0.6180786621704949
0.01 0.01 0.0 0.0 0.04 0.11 0.01 0.03 0.0 0.07,393,0.53664393074596328,0.68945307280221912,0.68371376609373335
